"Student_ID","GPA","Study_Hours_Per_Day","Extracurricular_Hours_Per_Day","Physical_Activity_Hours_Per_Day","Sleep_Hours_Per_Night","Screen_Time_Hours_Per_Day","Stress_Score","Gender","Year"
"S0001",3.2,4.145150136576,2.02331257545101,2.19503509622908,6.39861700216342,3.90092490747234,7.2,"Female","Senior"
"S0002",2.31,1.82236219432469,1.93181989417569,1.11447330869066,6.86418386342011,3.05532152134238,6,"Female","Senior"
"S0003",2.95,2.93575409360481,1.19803498665635,1.38244004984515,6.01272721507949,0.740422825179449,6.8,"Female","Senior"
"S0004",3.27,3.25943512595325,1.30880764193098,1.02618403829157,7.83192501461827,0.2892720898309,5,"Female","Junior"
"S0005",2.79,2.9851219877692,0.6238771640455,0.202439962074706,6.20494048358452,1.43310667125047,8.1,"Male","Senior"
"S0006",2.56,2.37265058069022,1.04150053595903,0.441510252171173,7.34046461201583,4.08534116557327,5.2,"Male","Sophomore"
"S0007",3.39,4.31382639692673,0.376632955161381,0.899150853848091,7.87042982034691,3.25647479374651,7.6,"Female","Sophomore"
"S0008",3.07,2.38640915390428,0.426435283317907,0,5.81783899475362,2.32544945587807,5,"Non-binary","Freshman"
"S0009",3.22,4.92210845665245,0.223349528864724,0.291251464052871,8.02289397573496,2.24884470882945,7,"Female","Junior"
"S0010",2.72,2.42474308113709,1.86896616315587,1.27915070733407,4.89156542375667,4.38250725570033,7.6,"Male","Senior"
"S0011",2.89,4.06584358506818,2.09197743879632,0.620926407220869,7.22976263769933,0.922654424911891,7.7,"Female","Junior"
"S0012",3.34,5.24397447124133,0.869644117658327,0.629833173832777,8.51171079155376,4.69708229294471,7.2,"Male","Freshman"
"S0013",2.99,0.833367158665193,0.296818081594535,1.32171158398926,7.55543798915068,4.21887361798014,4,"Female","Sophomore"
"S0014",3,2.16545347981915,1.12965493457836,0.473386829180614,7.91487880124937,2.10789996729015,6.2,"Male","Senior"
"S0015",2.74,NA,2.9935229546501,1.17728194122656,6.44660337572048,3.3436033098273,8.1,"Female","Freshman"
"S0016",3.35,3.26314047768409,2.83305053660039,0,7.29837608951002,4.92896034194603,6.4,"Male","Junior"
"S0017",2.49,2.15889649430071,0,0.0634924199994301,8.10637953965214,5.661464152426,5.7,"Female","Senior"
"S0018",2.55,0,0.91447467510209,0,5.67085041516758,5.8823526308936,3.7,"Male","Sophomore"
"S0019",2.43,0,2.42662439372984,0.850639089346927,8.00169412888602,4.09370754055563,8,"Female","Freshman"
"S0020",2.59,4.08413601487623,1.16940472271181,0.67632460161776,5.59069612624259,3.15684281037989,9.3,"Male","Freshman"
"S0021",2.66,2.13203368710583,2.47793059386114,1.66512298416924,6.50121897531873,4.22879134390263,7.4,"Male","Junior"
"S0022",2.71,0.362429879224,0.933131685352094,0.774930737968781,9.62275685248845,3.08702222359029,3.7,"Male","Sophomore"
"S0023",3.17,2.29369917308845,1.6839887391323,1.61225268665827,7.51066556602853,1.89532199663341,7,"Female","Senior"
"S0024",3.23,3.95760963900712,1.3793929914002,1.9671351655537,6.9091568057808,4.8506295724767,6.6,"Non-binary","Senior"
"S0025",2.5,4.77423215351796,3.78325559638405,0.505437059775115,7.97876567921088,4.61145404143462,8.3,"Female","Sophomore"
"S0026",3.16,1.98343704207256,1.93636205341802,1.03306344496677,6.75619134311169,5.51760599623568,7.4,"Male","Junior"
"S0027",1.99,2.19127674067728,0.234768744627263,0.293064044488412,7.62180895921363,6.16649486294027,5.3,"Male","Sophomore"
"S0028",2.49,0.384204297766264,0.716895064669385,1.24279422072265,6.65540478015368,5.85497270094295,7.9,"Female","Junior"
"S0029",2.29,3.05211682579753,1.49618822769765,0.152143801229683,4.64477545415851,4.76290512813509,8,"Male","Freshman"
"S0030",3.21,1.73200614884786,0,0.184115674253824,7.47238763335364,3.44167316610665,4.2,"Male","Junior"
"S0031",3.14,3.04654014788946,0,0.973276016947325,6.48851980521309,3.353946757372,4.9,"Female","Freshman"
"S0032",3.5,3.34580480467458,0.302541914915825,0.854486791572305,6.42639780024388,2.83941929753296,5.9,"Male","Freshman"
"S0033",3.12,3.74212422636391,0.921656314752688,0.957573906026733,7.0037972037286,2.25030208268787,5.6,"Male","Freshman"
"S0034",1.94,1.76928834951135,2.19112171890558,0.841600947674752,8.34255092952781,2.87585154334099,7.4,"Male","Junior"
"S0035",2.8,3.10594614795756,0.980641948118177,0.482813708685905,7.29546151155941,4.48214019521481,6.7,"Male","Sophomore"
"S0036",2.6,0.439589585111989,1.32990457244655,0.72187870128874,7.84178694360544,4.11548323253319,5.4,"Non-binary","Senior"
"S0037",3.33,NA,1.14831447219755,1.77209524661349,7.62906429822047,1.5709493602906,5.9,"Female","Senior"
"S0038",2.26,1.47891088698818,0.635810322379886,0.789262926005918,7.10159839946307,5.41656195202246,4.7,"Male","Junior"
"S0039",2.04,0,2.28975781500079,0.00890636063042438,7.67112087466101,5.56582602665096,9,"Female","Sophomore"
"S0040",2.49,2.54334712827071,0.322789449533347,0.293263903651234,6.86168362543828,5.87291456403284,7,"Female","Freshman"
"S0041",3.26,2.7471983202403,1.01725318516249,0.138911076505337,5.75068774684759,1.54224762270145,8.2,"Non-binary","Junior"
"S0042",2.23,2.0667312417416,0.921737535511785,0.259945914195501,7.34763524421536,2.83892058500635,6.3,"Female","Freshman"
"S0043",3.04,3.40979588283942,1.62570289560539,0.0433496481065127,4.72218634082839,2.84467061406033,8.7,"Female","Sophomore"
"S0044",2.86,1.62795420750811,2.48578764980895,0,6.01379081880637,2.77813645078047,8.6,"Female","Freshman"
"S0045",2.54,0.858062746696847,1.61105162089328,1.20143944951434,6.94045865644779,2.59648167723497,6.9,"Female","Junior"
"S0046",3.16,3.01938163106646,2.30589852845842,1.19602490553847,6.83924050952588,2.60398346480528,8.6,"Male","Freshman"
"S0047",2.88,1.52632818857599,1.81047763883992,0.649639738765334,6.57963847965971,1.94710709281247,6.4,"Female","Sophomore"
"S0048",2.92,4.2329215140655,0.700332364292711,0.365721609827709,7.98859101632861,2.59948232612251,7.7,"Female","Junior"
"S0049",2.47,1.98226455686399,1.26523504034319,0.312691020602352,5.93038620889137,2.96874169072285,5.4,"Female","Freshman"
"S0050",1.85,3.28677746008265,2.30086328909182,1.03924060161105,4.38635653298489,3.80984017559887,10,"Female","Freshman"
"S0051",3.55,2.88631031824474,0,0.935938144327626,7.78045189766215,4.46902857003555,5.3,"Female","Senior"
"S0052",3.05,1.55939327094355,1.45981652847576,1.05298614785193,7.04510507355407,5.03259775908001,6.7,"Male","Sophomore"
"S0053",3.64,4.39087302375037,1.07456774643821,0.80290276623446,6.89151084110243,2.21869049762496,7.1,"Female","Freshman"
"S0054",2.95,3.27147916686078,1.90222708858748,1.17139034905791,6.60877568992903,3.56807784896839,6.5,"Female","Freshman"
"S0055",2.28,2.60771277591953,1.80013326014451,1.05868036669156,5.3130004956714,7.23712137922145,7.5,"Male","Senior"
"S0056",2.13,2.83186089674976,1.44084272307426,1.13498742211233,6.04729554484832,2.76101207068482,9.2,"Male","Senior"
"S0057",2.57,3.31514657926633,2.39424889378345,1.09757676840321,7.5074141121034,4.68468784966505,9.9,"Female","Freshman"
"S0058",2.77,2.6077994638949,0,1.79713144456747,7.01881609900672,2.38264854290837,4.5,"Female","Sophomore"
"S0059",1.6,0,1.92857404678882,0.166979232677298,5.58108962641438,5.204590242329,7.6,"Female","Senior"
"S0060",3.16,2.84185954423679,0,1.704994812068,7.59817193135224,4.37282691414202,4.8,"Male","Senior"
"S0061",2.72,2.05931842871083,1.67017300569487,0.599474806006956,7.78637962174323,2.03086508761087,6.4,"Male","Freshman"
"S0062",2.89,2.72227667783873,1.27171383680058,0.761011553708935,6.86536695409776,5.14030614988171,7.2,"Male","Sophomore"
"S0063",2.59,3.19818847283861,1.97380932555987,0.848648923228042,6.98361348238468,5.30118144464981,6.7,"Male","Junior"
"S0064",3.88,4.17968419275121,1.26304988233186,0.531071122676696,8.40914040823509,4.91248061599745,6.6,"Female","Senior"
"S0065",3.69,1.62724952863064,0,0,7.39483869880227,0,7.3,"Female","Sophomore"
"S0066",3.85,4.06305115845297,0,0.612240478928591,8.21987512807247,3.73012252617002,4.2,"Male","Sophomore"
"S0067",2.74,2.90301774370249,1.63277881939101,0.824829891224179,6.95492278712702,5.93181300024288,6.6,"Male","Freshman"
"S0068",3.37,3.74620731843715,1.14129872151326,0,8.47948784483878,3.22589427516629,6.4,"Female","Sophomore"
"S0069",2.57,3.60487428194878,0.743185285153535,1.12996379581903,6.92431621330761,2.44696800109128,7.1,"Female","Junior"
"S0070",2.6,3.36505379544024,0.951145232117087,0.441635784444007,7.91774845719956,3.25312863666178,6.2,"Male","Freshman"
"S0071",2.65,1.24825727371857,0.662867946318908,1.66864508362193,6.65522128625759,0,6.5,"Male","Sophomore"
"S0072",3.4,2.39177633606715,1.07412763833522,0.958920868558556,5.92299734394608,1.67872465394943,6.9,"Male","Junior"
"S0073",2.98,3.24822179439945,0.454955943200104,0.326730315330517,8.00160472735829,3.36039114749994,5.9,"Female","Sophomore"
"S0074",3.23,1.35577197067319,0,0.900639332402917,9.29600404077134,4.83652275303072,3.9,"Male","Freshman"
"S0075",2.6,1.84860542251137,1.0243201566005,0.954549864920756,6.67412188454999,3.83937738910641,7.6,"Female","Freshman"
"S0076",2.88,3.19719579721802,2.03622069556992,1.34722842047019,8.46885612852932,4.52615408224729,7.4,"Female","Senior"
"S0077",3.04,3.42181448540151,2.70186365303974,0.70587657046708,6.76309106682614,1.84863845154256,8,"Female","Freshman"
"S0078",2.72,3.0565211062482,1.20208495676573,0,7.92349311789043,5.87723304600497,7.8,"Male","Junior"
"S0079",2.9,1.43706844310838,1.13546405223267,0.0202005061528548,6.01080819329859,5.40476199564465,7,"Male","Sophomore"
"S0080",2.03,1.18026292162257,1.9703858249919,0.285649604042579,7.27564627828671,4.4875627703623,7.3,"Female","Freshman"
"S0081",3.08,4.31524841176591,1.24285681323721,1.05575917672171,6.23633890643896,3.22329868085461,7.9,"Female","Senior"
"S0082",2.69,2.80950572503844,0.85208127287197,0.629098242149148,5.64788801580003,4.87852870521116,6.5,"Male","Sophomore"
"S0083",2.9,2.6061282749915,0,0.431378874818083,7.655024410228,2.50786252072889,6.3,"Male","Senior"
"S0084",2.98,2.35492415495309,0.189043520174052,0.29306550070551,8.60964676035496,2.09485912437055,2.7,"Male","Sophomore"
"S0085",2.99,1.06680532580737,1.52504680965542,0.892216974331323,6.21149303412209,0,5.7,"Female","Freshman"
"S0086",2.28,3.23439627764846,0.0322768257761938,0.289140634533087,6.116123887474,3.809221160428,7.3,"Female","Sophomore"
"S0087",2.96,2.23943218510417,2.03876589612376,0.561247356234269,5.92748538820642,0,9.2,"Male","Freshman"
"S0088",2.1,2.28069195240169,0.122855568439837,0.236013664231428,6.54185901855216,3.46106593258283,4.2,"Male","Senior"
"S0089",3.47,3.62001559428539,1.0451435535092,0,NA,4.20614494278248,7.8,"Male","Freshman"
"S0090",3.38,3.4861277326099,1.19813123430906,1.37311075331804,7.71222821241872,4.76332280603131,4.9,"Female","Sophomore"
"S0091",3.08,4.17053965112112,1.18973621290625,0.0095027179805709,7.44295422749916,5.13491140269236,6.1,"Male","Senior"
"S0092",2.01,1.92859129233439,1.32155785758752,0.843817487695773,7.75958731205918,4.48441785525935,4.5,"Male","Senior"
"S0093",2.91,3.28041827287157,1.67880890512086,0.459088490858978,6.53112233398088,2.12467543013025,7.2,"Non-binary","Freshman"
"S0094",2.71,4.169332547668,1.09903005016138,0.164929598729701,6.82729002211616,4.92519836219036,7.2,"Female","Junior"
"S0095",3.08,1.16705334466252,1.00117154732258,0.955588123050241,7.68204989938581,3.60123959597985,6.1,"Male","Junior"
"S0096",2.25,1.46704889574659,1.3282619159237,1.0238807027115,6.71842267175846,0.516542311104045,6,"Male","Junior"
"S0097",2,1.14191358297548,0.853086446722184,1.55880006157049,6.03837742606818,3.31898103852288,6.5,"Female","Sophomore"
"S0098",2.39,0.748943200597125,2.42992993528022,0.995134997640959,5.62234985526744,0.646581798599744,8.1,"Male","Sophomore"
"S0099",3.34,2.59597906388939,0,0.716919608295017,9.69758663663836,1.81441529484214,3,"Male","Junior"
"S0100",2.7,3.28384520757903,2.02160369543314,2.36148133836788,5.30028494443707,2.50903251631254,7.6,"Female","Senior"
"S0101",2.93,3.94115845071819,1.00121365344805,0.409829342907251,7.0293166527942,2.56089827756938,8.5,"Female","Freshman"
"S0102",3.25,3.75370130460127,1.53785630866591,0.198090063011983,8.93431433615124,4.98316117110974,2.5,"Male","Freshman"
"S0103",2.43,1.29614962379218,1.99012263491174,0.478931652275313,7.83751087517796,3.39535064746,7.4,"Male","Sophomore"
"S0104",2.9,4.7181782820073,1.86845453762802,0.733751259933927,6.81465366891533,2.00062118595974,9.1,"Female","Senior"
"S0105",2.7,1.69987190949062,0.671582512763436,1.16025810158814,7.53332917776439,2.48582490598174,7.3,"Male","Freshman"
"S0106",3.43,2.62661657494728,2.45125559463347,1.04950703575921,8.78495624201476,2.57964114237589,6,"Female","Freshman"
"S0107",3.39,1.99329294175737,0,0.736549611993805,7.18962781983013,3.80115366681494,6.5,"Male","Senior"
"S0108",2.98,2.35317979365403,1.89111709878319,0.286062477052327,6.4309124878134,4.36344955914069,7.6,"Female","Junior"
"S0109",3.19,2.7258316414018,0.79071778125104,1.4763964005933,8.45189294457212,2.82658548854878,4.7,"Female","Freshman"
"S0110",2.72,2.64299314959641,0,1.34976897286907,8.86899345256532,2.95685350403666,5.3,"Male","Sophomore"
"S0111",2.98,2.46988893895912,0,0.365372244365384,6.01544510626246,4.32892862138121,6.8,"Male","Senior"
"S0112",3.56,2.62968727353044,1.39614325075175,1.21206745254485,7.71875676390437,2.10897980637884,5.9,"Male","Sophomore"
"S0113",2.67,1.917477716984,2.97882744152645,1.07005147498677,7.12934729695826,3.24292653735228,7,"Non-binary","Sophomore"
"S0114",2.8,1.89493944317452,1.41870085131557,1.42713296366302,7.70164130889336,3.27181314143193,5.8,"Male","Sophomore"
"S0115",2.99,0.506681104102226,2.10462783562263,0.889777420662464,7.52669783188745,2.27566245144927,6.9,"Female","Junior"
"S0116",2.8,2.04119952775142,1.87093549924808,0.115359708079584,6.9794869010454,2.44431908589278,6.9,"Female","Junior"
"S0117",3.74,1.88481969054664,0.676307777697435,1.28149964145179,7.43825104730697,3.00815129533849,4.2,"Female","Sophomore"
"S0118",3.18,5.74226920041376,1.96316878278352,0.362770081418332,5.78947143429846,2.08891607967037,9.2,"Female","Freshman"
"S0119",1.88,0.865460522572338,1.48236117239146,1.11632557143709,5.5955800561711,3.34744774600252,6.7,"Female","Junior"
"S0120",3.41,2.66470746227033,1.36527943411969,1.80408726332739,7.72074915720931,1.45844900308143,7.2,"Male","Junior"
"S0121",2.65,0.707649919220452,2.0008905874482,0,7.08603550327673,4.10093597434369,5.1,"Female","Senior"
"S0122",2.64,0.735477110275844,1.79796159331222,1.73714648070134,6.86838295859154,2.74923140384583,4.3,"Female","Junior"
"S0123",2.26,2.64964286343641,0.698740130621489,1.61189660535085,5.32394802106016,4.77829312579074,6.7,"Female","Senior"
"S0124",2.86,1.30403303813916,1.51617894874937,0.482781933985065,6.43050200923189,4.18206111881394,6,"Female","Sophomore"
"S0125",3.07,2.49781286283435,0.486265636763538,0.649236334712433,7.19220515089654,2.68058877889039,6.8,"Female","Senior"
"S0126",2.9,1.98608934228902,1.70465472807342,0.388491388224501,6.51367707924718,2.94397514083883,4.8,"Male","Sophomore"
"S0127",3.28,1.76359407226061,0.853835853372346,0.457779408647527,7.08128401299388,4.47502839421916,4.8,"Male","Junior"
"S0128",2.06,0.0703865854970709,1.56171091537481,1.14777882892769,7.3848972467843,4.67674290885872,5.7,"Female","Senior"
"S0129",2.61,1.03030245956802,1.49439923615708,0.260624596848731,6.86249802896182,4.26273369707732,5.6,"Male","Sophomore"
"S0130",2.82,2.71541972934153,0.983690008270473,0.68580206725233,NA,4.02525722685112,6,"Female","Junior"
"S0131",3.3,3.18114471330824,1.57241009417038,0.713657973592123,6.75693555146064,0.649972039594209,5.8,"Female","Freshman"
"S0132",2.88,1.90854717573583,1.65948498050158,0.742056409227467,6.68164717214611,3.69103427415264,5.9,"Female","Junior"
"S0133",2.95,2.50007546087842,1.01544000787407,0.908868029433414,6.74589360649199,1.23072740477357,5.5,"Male","Freshman"
"S0134",2.73,3.84746757205596,2.13779400664196,1.75794452551179,7.63888743016307,3.6216550042462,5.2,"Female","Senior"
"S0135",3.18,4.22782689157143,2.3141621653865,0.529200956063926,7.82106538316608,2.44266681246264,7.9,"Male","Junior"
"S0136",3.44,1.18346347791301,0.670406995432332,0.323071865119509,9.33547908658196,3.33119032630645,3.8,"Male","Sophomore"
"S0137",2.19,2.35921652769979,0.578104634619989,1.27537060979138,6.01669244238894,1.61186257986092,6,"Male","Senior"
"S0138",2.72,3.94179808110364,1.61083086312702,1.02828337985662,6.29254255999374,3.23702530165962,9.1,"Female","Freshman"
"S0139",2.86,1.93632450332044,0.469350209566982,0.941472789795472,7.64414910134992,5.93110523890816,6.3,"Male","Junior"
"S0140",2.57,2.4370366180732,0.840460955799759,1.15459295811225,8.63766532994621,6.42026412507783,4.5,"Female","Sophomore"
"S0141",2.63,2.39667124211549,1.84234615928289,0,8.22664817466431,0,7.3,"Female","Sophomore"
"S0142",2.46,1.43478517851228,0.741218519215117,1.43797747537467,6.53229438166919,0.853084399376426,5.8,"Female","Sophomore"
"S0143",2.6,1.96637919413831,0,1.07235072733855,6.32176893626201,1.22663154980493,5.5,"Female","Senior"
"S0144",3.25,2.46466614509411,1.73151266705772,1.37078778621187,8.69640227133044,1.45792549399706,6.1,"Male","Freshman"
"S0145",3.48,2.00335738113049,0,0.44088937195909,8.54284685008906,6.82656127899609,4.8,"Female","Sophomore"
"S0146",3.19,3.83606322804184,0.11631979403692,0,7.21452759206094,5.12485763309166,6,"Female","Freshman"
"S0147",2.71,1.92280859001522,0,0.50924628011124,8.70068829575232,3.32461949411994,4.3,"Female","Sophomore"
"S0148",2.38,1.98019716087913,1.86499025778405,0.255891910985962,6.99201317035211,5.0704302096469,7.4,"Male","Sophomore"
"S0149",2.31,3.33623509186252,1.40087767107788,2.13365746844263,6.18209963519723,7.118155530897,8.7,"Female","Freshman"
"S0150",2.31,1.23235790419491,1.56983477275306,0.551920054174292,6.94938982971646,4.5193438780857,6,"Female","Sophomore"
"S0151",2.31,2.45116182981854,1.87583377857859,0.670595691977213,7.07992108654903,6.34085846855518,8.7,"Female","Sophomore"
"S0152",3.03,0.638146213182893,1.16642278054275,1.43778711204269,5.44042890210595,1.66399752404832,5.9,"Male","Junior"
"S0153",3.26,3.90060345908282,0.315539275439978,1.17220791594815,6.82850204325371,1.77308384999273,8.9,"Female","Freshman"
"S0154",1.99,2.1716251583511,1.6510205218647,1.2038399911274,6.58139290716766,5.20871977406788,8,"Male","Junior"
"S0155",3.09,1.9385856103933,2.24269180465574,2.380225737769,NA,4.92680510618282,6.4,"Female","Freshman"
"S0156",3.11,1.01409720641654,0,0.899668639203782,6.46877156876897,4.89215441590353,3.1,"Male","Junior"
"S0157",2.88,2.49068555946721,0.714408611904771,1.94310532252056,7.4822201177349,4.2772199437897,5.5,"Male","Freshman"
"S0158",3.29,1.53966138645801,0.966203947474738,0.95223104078785,7.53629104004933,2.74625009144632,5.4,"Non-binary","Senior"
"S0159",2.62,1.85980920405948,0.168253325341118,0,6.7206757921411,5.01940799011287,7.6,"Non-binary","Junior"
"S0160",3.05,4.04521029470151,1.75528467901976,0,6.95649273529942,6.45636414606731,7.9,"Female","Senior"
"S0161",3.03,2.28936895570945,0.720654477682305,1.18981013070064,9.38151529195951,5.48465188619317,2.6,"Male","Sophomore"
"S0162",3.32,1.21386113901919,2.20552531517731,0.200450081138866,8.54803111335561,1.29069725063801,6.3,"Male","Freshman"
"S0163",3.09,2.69584825896086,1.24280641090189,0.825183430205788,8.55476199852898,4.25948300366637,4.6,"Female","Junior"
"S0164",2.83,2.06471390124646,1.78247401413748,1.86622622002402,7.05811123011391,3.51975417278031,4.8,"Male","Freshman"
"S0165",2.89,3.20801625758481,2.44887845456849,1.00830960640232,6.16022108447284,3.63935989965716,9.3,"Female","Freshman"
"S0166",3.09,4.21890631327719,1.41249980287775,0.627741532310127,7.57112344865548,3.20821088997868,7.6,"Female","Sophomore"
"S0167",2.6,1.30876898666861,2.06138100736581,0,7.06604778256306,1.47492757467949,6.3,"Female","Freshman"
"S0168",3.35,3.04558035709634,1.3685583453434,0.319610534396052,NA,4.03005426070518,6.8,"Female","Freshman"
"S0169",2.49,2.60187767041418,0,0.454629217564026,5.06810444634873,5.66276580957863,6.6,"Female","Freshman"
"S0170",2.85,3.57467869871745,1.2179218079309,1.21052343960221,NA,6.1185051780203,5,"Male","Freshman"
"S0171",2.66,2.22426623326448,1.77450896483368,1.09007440857028,8.48371520427311,4.2678915661643,7.1,"Male","Sophomore"
"S0172",2.35,3.50394288215274,1.59156561427382,0.808378045224428,4.9014835998355,2.32189454198743,7.6,"Female","Sophomore"
"S0173",3.07,0.405932966395968,1.06088932329738,0.908146240775072,6.74035133394324,2.56717340893824,6.2,"Male","Sophomore"
"S0174",3.11,4.52735070557605,0.22584040906528,0.6271260510149,7.33406793588718,2.52170882887778,5.2,"Female","Junior"
"S0175",2.86,3.53773357422229,1.71711869496757,0.818136333734137,6.78036240836678,4.46536006977743,5.8,"Male","Freshman"
"S0176",2.75,2.3190688133371,0.466835177321688,0.963004465117691,6.06822819671089,3.1227786570283,7.1,"Male","Sophomore"
"S0177",2.19,0.761191443832999,0.198541246059547,1.06949505644806,6.87775978170342,8.14674574659742,4.4,"Female","Freshman"
"S0178",2.51,3.27161044005038,1.6759421747244,1.89657659505823,8.33852842346176,3.07073395309533,5.7,"Male","Freshman"
"S0179",2.86,3.07983263657772,0.213751467848139,0.132785773469712,5.65166880995563,3.73694855744487,7.8,"Female","Junior"
"S0180",3.42,2.49237324829433,1.39549153192491,1.68488445895023,8.41483572450998,3.16912802746355,2.8,"Female","Freshman"
"S0181",3.02,2.68174707143491,1.20221774827488,1.20290747608663,7.91404894551468,2.47190377847752,5,"Male","Junior"
"S0182",2.2,1.79906923558023,0.137432251179548,0,5.76331208150669,4.85611491821531,8.2,"Male","Sophomore"
"S0183",2.44,2.94256807915629,2.14375712946622,0.633771663205337,5.49923964532537,2.65588459775895,8.3,"Female","Freshman"
"S0184",3.69,2.85358520766342,0.725756000680857,0.422394204816812,7.03453868389653,3.50379321137301,4.3,"Female","Junior"
"S0185",2.66,2.16488875198891,2.15998265306934,0.240199729028149,7.28629964540269,3.04899162631795,6.9,"Male","Senior"
"S0186",2.83,0.896516014128215,0.819973056310292,0,8.18620809384561,0,5.2,"Female","Junior"
"S0187",3,3.34089858212804,0.739954323079347,0.503538770240033,6.96245062815745,4.54148850612432,5.6,"Male","Junior"
"S0188",2.93,3.16503594672884,1.1750191803132,0.538783990837882,7.42037159397356,3.75241467378133,5.7,"Female","Freshman"
"S0189",3.72,1.4964320886383,0.913554403217235,0.605873194231864,8.28924648234277,2.13450076373541,5.3,"Female","Junior"
"S0190",2.45,0.586494205592508,0.914719137881815,0,8.17068918509962,5.68096013755851,6.1,"Male","Sophomore"
"S0191",2.79,2.74595029670516,0.497868493253019,1.06490153305733,7.82609365408471,1.47936612612615,4.7,"Female","Sophomore"
"S0192",3.06,2.08589442643253,0.22968229985763,1.24781074793982,7.32391706509048,0.65528552684682,6.5,"Female","Sophomore"
"S0193",3.5,2.80313404403735,1.69062929494963,1.27378572429481,7.38095041145455,2.40092856787911,4.6,"Female","Sophomore"
"S0194",2.37,0.947197041418536,0.555037326830018,1.26244430422373,8.20261958279329,1.60506316433079,7.3,"Male","Senior"
"S0195",3.29,1.34899546674356,0.0988344560728838,0.92030379069822,8.10220575073214,4.76348368276424,5.7,"Female","Junior"
"S0196",3.23,3.80292982441588,0.793721680669162,1.68101001900665,6.93848506002085,3.63754203352043,6,"Male","Junior"
"S0197",2.92,2.98452988565886,0.55925161061013,0.274126709635549,7.36458991399578,2.90790169187295,5.9,"Female","Freshman"
"S0198",3.53,3.20378504406316,0,0.0640371837673341,8.69255229998577,3.51493818726892,3.5,"Male","Senior"
"S0199",3.02,4.67827413538474,0.96725028058586,1.00270275198475,8.47136701247198,1.97830465332348,5.1,"Female","Senior"
"S0200",3.23,2.65458571432286,1.33373929692841,1.06449445235249,6.02275233865588,3.79074833823649,7.7,"Male","Freshman"
"S0201",2.5,0.0988849147221869,1.43575388518855,0.352090128957939,8.44820167458194,3.80454375045257,2.7,"Male","Freshman"
"S0202",2.52,2.90053263692028,1.51419301233658,0.821963672259155,6.91414433940813,3.38521796896301,7.8,"Male","Sophomore"
"S0203",2.67,3.90559015283055,0.399325029599348,0.993985774521829,5.42623019834654,3.49543726391905,8.4,"Female","Senior"
"S0204",3.49,4.97144709075917,0.939418304141253,1.02780561944095,8.2924761594667,1.72684966094004,6.5,"Male","Freshman"
"S0205",2.29,0.847766082111375,0.393320955656926,1.32593389747722,7.08446775556772,4.99630682779775,4.5,"Female","Junior"
"S0206",1.97,1.11897332124747,0.691654814372987,1.36003279254178,7.96704599648009,1.12265687722027,6,"Female","Senior"
"S0207",2.79,1.65301432628785,0.232127449610126,0,8.93911299421702,7.06566703748241,4.3,"Female","Senior"
"S0208",2.89,1.23513306150737,0.306828959477848,1.8367964140527,8.07987263816564,6.09861635606047,7.1,"Male","Sophomore"
"S0209",2.51,1.72510753222901,1.70390493006075,1.07360158776633,6.64640647316685,4.33162340040534,7.5,"Female","Junior"
"S0210",2.88,2.2775464387882,0.9819827438571,0.457783792552609,6.86507687528144,1.3367541811808,8.7,"Male","Junior"
"S0211",2.72,1.05853353911202,0.992927065297063,0.131225358693219,6.0128675666925,4.18179812420615,5.9,"Male","Junior"
"S0212",2.82,4.94436660037978,2.58364654391319,1.34303855933834,6.17829185393961,0.838899863669322,10,"Female","Junior"
"S0213",3.47,2.62932969386266,1.1532862676741,0.99685760929048,7.48953092251473,3.0680902050704,7.5,"Female","Sophomore"
"S0214",2.44,2.3990702793933,0.770348972312865,1.44685397602869,6.70072254109052,4.7652655356382,7.2,"Male","Sophomore"
"S0215",2.8,3.09474356992551,1.79782935693259,0.7638106677785,7.65825489857436,4.8449738220368,8.9,"Female","Senior"
"S0216",3.49,2.54489822334156,0.810193731688214,0.653888742822125,7.83240954967079,3.55275117576074,7.2,"Male","Sophomore"
"S0217",2.9,2.34149435565291,2.2983262251836,2.14485353641297,7.36346326122269,3.11893799384233,8.4,"Male","Freshman"
"S0218",2.9,4.27214490826252,0.897862111483023,0,6.60135434138305,3.92168365784131,8.8,"Male","Senior"
"S0219",2.43,2.23956374788948,0.707077908705285,1.0345486790497,5.5020700104943,0.953143721495661,6.2,"Male","Junior"
"S0220",2.22,0.95967735508933,0.265499959140251,1.03088800573979,7.11462817527247,2.8980238898449,6.2,"Male","Junior"
"S0221",2.36,2.96280146853208,1.46291228687287,1.06321735972484,5.96218338266337,6.4000434398566,9.1,"Male","Sophomore"
"S0222",2.92,2.07818455176509,2.37320850195213,1.13488454122794,7.64597887126157,0.719040507811374,4.7,"Female","Junior"
"S0223",3.18,1.87384468797248,0.91519236392887,0.634156170213532,7.77284540005858,6.10657784119249,7.2,"Female","Sophomore"
"S0224",2.53,1.2182425591754,1.40917411350194,1.49977284738934,7.31601415812042,4.34496870638161,4.9,"Male","Senior"
"S0225",2.46,3.01403908392003,1.46666308414058,0,5.96188717520177,2.92328930144391,5.8,"Female","Sophomore"
"S0226",2.7,2.29117811868761,2.33775459224763,0.31666024432726,6.24486270991115,7.08018702497891,7.7,"Male","Freshman"
"S0227",3.03,3.11880127437764,1.73110128053294,0.728513269627985,6.50849569030742,3.43568061204006,5.4,"Non-binary","Junior"
"S0228",2.78,2.21876166723289,0.341075875443752,0.897929740483276,7.14722574510784,6.5306005305024,4.9,"Male","Sophomore"
"S0229",3.47,1.70979588901388,0.642478580266608,1.04388770465775,9.35650304328533,3.53968743990026,5.6,"Male","Freshman"
"S0230",3.32,4.00028392489446,0.603095634452351,1.18360399738659,6.0793312328941,4.38548064496071,7.3,"Female","Senior"
"S0231",2.84,2.17388354186632,1.31325829770578,0,4.84315221679115,2.58103848729245,9.4,"Female","Senior"
"S0232",2.97,3.63754239505024,1.19684222341548,0.804602362638216,6.8795999504387,2.01466078969679,7.3,"Male","Freshman"
"S0233",2.73,1.05810108386927,1.49435000087341,1.11450081320023,6.16075567043629,0.299319293928293,4.8,"Male","Freshman"
"S0234",2.66,1.9406606843494,0.674125668242202,1.59580152294247,4.82756009128522,2.50469008592134,6,"Female","Senior"
"S0235",2.32,2.17677832581618,0.898922663871158,0.731859359340462,6.12569202384571,4.66343290637639,7,"Female","Senior"
"S0236",2.44,2.03084151024297,1.79308804834007,1.75948968703811,6.6264206510975,1.73650671480744,6.6,"Male","Senior"
"S0237",3.12,4.11844841439006,1.12031459484122,0.631083140643093,5.89780228790358,1.64485956663463,8.8,"Male","Freshman"
"S0238",2.89,2.4726823584419,0.676568097114324,0.770061116653696,7.71565986066344,2.79775097639565,6,"Male","Junior"
"S0239",3.02,2.79307102132414,1.97693149924902,0.896128476392675,7.90764030568418,3.75461473082169,5.3,"Female","Freshman"
"S0240",3.08,1.36915395056329,1.21079704925471,0.498571662556803,6.67519486621487,2.70863890314717,5.8,"Female","Junior"
"S0241",2.16,1.62493926818851,0.466772266382764,1.22956282926571,5.51841406771825,5.43978855292965,7.9,"Female","Sophomore"
"S0242",3.72,3.69768269026582,2.56775084900931,0,7.59417113886354,3.96821188145892,6.4,"Male","Sophomore"
"S0243",2.97,4.01017799751467,0.265519208042676,0.79661386081871,6.14512531288046,3.44233206234822,5.1,"Female","Senior"
"S0244",3.32,3.99863642657212,0,0.47567447015628,NA,1.73581423589411,7.4,"Male","Senior"
"S0245",2.27,0.843235540569604,0,0.471755755490191,7.14910681496416,2.00297554088149,5.4,"Male","Sophomore"
"S0246",3.25,4.95995283236367,1.72090077563736,1.49086723222666,6.02385395861595,4.23733972291249,7.3,"Female","Senior"
"S0247",2.81,3.72024739575945,0.773733899517786,1.43133180916755,6.70531559234361,2.968218459823,6.8,"Male","Freshman"
"S0248",2.44,2.46793904303409,0.979552514422173,1.75881591722159,6.22902508418465,5.26986123011591,7.1,"Male","Freshman"
"S0249",2.73,3.34432933455791,1.43170157810324,0.641721924134925,7.39228370707874,0.886090232238192,5.9,"Female","Freshman"
"S0250",2.5,1.33433772501776,0.826812750567389,0.81944047252815,6.1536940951155,4.0363084809526,6.9,"Male","Junior"
"S0251",2.88,1.18461251012937,0,0,6.15624006906955,2.66054808801577,5,"Female","Freshman"
"S0252",2.61,2.55886054112512,0,0.567092341985286,6.03811155571173,5.84139372048353,5.9,"Female","Junior"
"S0253",2.49,1.06180497213066,0.927440065415215,1.85848887330808,7.01104965335654,4.18348486717853,6.9,"Female","Freshman"
"S0254",2.94,2.7280227982717,1.33978042186506,0.550083363461768,8.21494896542184,1.85979228771784,5.7,"Male","Sophomore"
"S0255",3.45,4.0572470795256,0,0.100196786726366,6.11112148426172,1.40710668588351,4.7,"Female","Senior"
"S0256",3.01,1.2593515324423,1.43241958475767,0.825136739711064,7.2181012614466,3.86736301860581,5.9,"Male","Senior"
"S0257",2.02,1.61387109494432,1.53784508597889,1.54789347815573,6.34388300039296,3.00876595550094,4.9,"Female","Senior"
"S0258",2.48,2.55587672734104,2.23578989056537,0,5.91148415271934,3.3658670407325,7.4,"Female","Junior"
"S0259",3.11,1.27888465620867,1.33177121485916,0.647707716926539,8.0911308981077,3.2348290550223,4.9,"Female","Freshman"
"S0260",3,2.04005924813647,1.36396307264019,1.08069832523037,6.4307726783422,4.5480200938616,10,"Female","Sophomore"
"S0261",3.49,3.54730649400568,1.68368290138064,1.98651799667351,8.6208101305906,1.78026443491595,6.9,"Female","Senior"
"S0262",2.56,3.66345401676414,1.18468738466485,0.430636523093826,6.31301155441626,9.05345536554544,7.9,"Male","Sophomore"
"S0263",3.21,2.96061599803251,1.13622852209695,1.71165296072666,7.65699670356863,3.97052942781443,6.5,"Male","Freshman"
"S0264",2.73,0.278133204319043,1.29278757152224,0.540262883862914,8.1106922152347,2.64180184584577,4.7,"Female","Senior"
"S0265",3.39,2.4352039158086,1.79533869123871,0.181389375162972,9.14072073006633,3.26836240728687,2.5,"Male","Senior"
"S0266",2.9,3.77772785720594,0.854967517177846,0.119399301006375,6.1690281908676,4.36740884454488,9.4,"Male","Freshman"
"S0267",3.52,3.47583404489393,0.800376838471012,0.667341124773481,7.07640585619813,4.51468030910785,5.9,"Male","Sophomore"
"S0268",3.26,2.27102023107486,0.507870338595431,0.786551180657632,7.93582444619905,0.660230289752101,4.4,"Male","Junior"
"S0269",2.46,0,0.433794173382501,0.606258903185618,6.49833329713519,0.1941825845015,4.8,"Female","Junior"
"S0270",3.23,2.57315996656134,1.46143997707091,1.43133389583532,7.59485346385118,3.35614894485886,7.7,"Male","Sophomore"
"S0271",2.44,3.18850203698029,2.43789778054814,0.91372469941712,6.56934883086363,4.8388834848939,8.8,"Male","Senior"
"S0272",2.52,2.55496429567012,0.424912344908455,0.736503434680476,5.86666094732721,3.76598533294965,8.3,"Female","Freshman"
"S0273",1.64,2.68889504821105,1.04924765899243,0.43846731648037,4.76282844023037,5.1408409175138,8.2,"Male","Senior"
"S0274",3,3.01787844744253,0.375999070835265,0.022390441242777,7.51463957244314,4.1451015330127,5.7,"Female","Freshman"
"S0275",2.84,2.02414031673975,1.9264691534884,0,6.65809288483708,4.15854739178048,6.9,"Female","Senior"
"S0276",2.67,4.07197387090186,0.946094508233497,0.928047038312702,8.71787742881929,6.18829892483592,4,"Male","Senior"
"S0277",3.74,3.06447207984873,1.34320317323234,0.815201522066742,5.88362209134204,1.80062788282386,7.8,"Female","Junior"
"S0278",2.33,1.00879567531048,1.47842255018334,1.61901391271596,6.51152038083715,2.23402296051495,6.2,"Female","Sophomore"
"S0279",2.78,4.15789054766264,0.356576782980448,0.974656284946914,7.80733229340776,4.12161963865758,5.6,"Male","Senior"
"S0280",2.85,3.94535072441179,1.11620456951144,1.27833062067565,6.73899125832921,3.9063975991206,8.4,"Female","Freshman"
"S0281",3.25,3.48888875641826,1.01732590632438,0.824591824625397,7.48805991782658,0.00053073186243946,7.9,"Female","Freshman"
"S0282",2.24,0.504844717377287,1.74028444994203,0.309005570224467,8.35278382096951,4.36048069325355,8.5,"Male","Sophomore"
"S0283",3.27,1.81683238767342,0.213404245194952,0.973784385898656,9.17681559130926,1.43618174126907,4.9,"Female","Sophomore"
"S0284",2.8,3.26261658074743,0.240030764461777,1.00387226678067,7.05138711120684,1.53912964774597,6,"Male","Junior"
"S0285",2.87,2.55246640909343,1.81269326129289,0.30956436154194,6.16190455476459,6.26338168444121,6.4,"Male","Senior"
"S0286",2.74,2.91761476439357,0.729521710973618,0.782750410863152,5.91538499069158,5.35657248526448,7,"Male","Freshman"
"S0287",3.93,5.4515122586445,0.671763336019539,2.0004689906672,6.45346723092666,2.30294146599741,9.5,"Male","Sophomore"
"S0288",2.59,1.5179436107204,1.29041081775787,0.122440362029227,6.5734902952953,6.16667571988865,6.3,"Male","Sophomore"
"S0289",2.25,0,0.943680960251169,1.68330715524183,5.78900244460021,2.6524841206859,8.4,"Female","Junior"
"S0290",2.86,NA,2.69310519755103,0.663758650109059,7.59779299777903,5.14583736102283,7.1,"Female","Senior"
"S0291",2.97,1.67488379050791,1.40762516461424,1.68938635774521,8.42389578908394,5.70274878570385,5.9,"Male","Junior"
"S0292",2.26,3.03524926355424,1.32924805673446,0.294168095307627,6.55670137444165,5.62960473322024,10,"Female","Senior"
"S0293",2.06,1.52513833145128,1.94485992746828,0.760282803526461,5.95966653432571,5.50744951909736,7.5,"Male","Junior"
"S0294",3.55,5.15446657640216,1.1520426005923,0.986740099014719,5.72610292159275,3.04026471390517,6.4,"Male","Freshman"
"S0295",3.01,2.35155283410708,1.23899176006196,0.732445863017952,7.7701516120118,2.62522317094546,5.3,"Female","Sophomore"
"S0296",2.26,1.92719739276394,0.341699679412829,1.19524330336559,7.03152262197653,5.50628395370401,4.5,"Female","Freshman"
"S0297",2.28,2.30048621021607,0,0.699883099934306,5.09514524856173,3.38524332966558,6.9,"Male","Junior"
"S0298",3.2,3.53507606035172,0.234234519948526,1.52532407909609,6.87624482285443,2.40810140597717,5.6,"Female","Senior"
"S0299",3.32,2.61680858224338,1.29128754383775,0.902251660330534,7.00032837721344,1.86000566674293,7.1,"Female","Junior"
"S0300",2.32,0.549259912946454,0.373362336715698,1.21545178174685,6.15622165527114,5.58252450354646,7.9,"Female","Sophomore"
"S0301",2.63,2.49445507860825,1.75104620187365,0.0886718380647311,5.77866662957107,4.7128973206507,6.5,"Male","Junior"
"S0302",2.67,3.41229060119447,1.78006641413989,0.404966425581774,6.54701400638449,5.86738293660192,6.3,"Male","Freshman"
"S0303",2.6,2.54678909544708,1.37390416875127,1.45370476927493,6.29768006871887,2.50870014973659,6.8,"Female","Senior"
"S0304",2.61,3.38208656993733,1.0386746147053,1.1052715646964,6.32561961451487,3.91549956360997,8.2,"Female","Freshman"
"S0305",2.79,2.32423284760136,0.107448111529054,0.718456024639745,4.69697680951409,1.76156652003621,7.6,"Male","Sophomore"
"S0306",2.59,2.43053519754246,0.952849913058272,0.734730357825864,6.85066709521713,3.63795770111036,6.6,"Male","Freshman"
"S0307",3.1,3.07884335932544,0.837677690770218,1.25294009627278,7.94868958997013,2.14607608151583,7.8,"Male","Freshman"
"S0308",3.01,3.69153236413088,1.73058331561583,0.66571320702802,NA,4.12224938299262,6.3,"Female","Sophomore"
"S0309",2.71,1.00432540236155,2.24690362939896,0.844973102563955,9.07435248589762,3.43978269544577,7.8,"Female","Sophomore"
"S0310",3.14,NA,1.6008322479156,0,7.26528997032146,5.81296263828132,4.9,"Female","Sophomore"
"S0311",3.03,2.4148453825,0.297369171842106,1.86440561909301,5.94799617085953,4.0075591713643,6.9,"Non-binary","Junior"
"S0312",2.66,1.58929521552286,2.53679784431853,1.25958074958594,7.50234223621863,2.85363121468946,8,"Male","Sophomore"
"S0313",2.46,1.25876876687302,2.0082824259617,1.29937270580645,8.09984502312187,0.715620271239611,7.5,"Male","Sophomore"
"S0314",3.21,1.74312165523502,1.37881697269957,0,8.88650483041417,2.77548595372781,3.6,"Male","Junior"
"S0315",3.23,3.20416926401559,0,0.787497994283351,7.8112535006894,2.56225998950465,4.7,"Male","Senior"
"S0316",2.62,2.00041281257962,0.436331505157473,0.55463965253107,8.41824380879396,5.33667047090622,2.7,"Male","Junior"
"S0317",3.01,1.55813462859362,1.14514154623181,0,7.43916990170295,4.23178121543151,5.7,"Male","Freshman"
"S0318",3.1,2.69609958338332,1.80904472125222,1.23645822463595,5.7224983913989,2.55950982070628,7.2,"Female","Sophomore"
"S0319",2.24,1.01594291786878,0.256076640033368,1.54047846874226,6.13862679478856,3.86466390511191,7.2,"Female","Sophomore"
"S0320",4,3.75504853148401,3.76895916541383,0.46806535647352,8.88698587497109,3.71463638695399,8.1,"Female","Sophomore"
"S0321",1.75,1.91848550053755,0,0.662485893242759,7.7040873131829,4.02692443538281,4.8,"Female","Freshman"
"S0322",3.01,2.7269545740168,1.01125284053275,1.82687719335336,6.33227947466797,3.02398045817153,8.6,"Male","Freshman"
"S0323",2.46,2.56120759788997,0.992349885390852,0,6.29428565794285,5.39598075690324,6.7,"Male","Sophomore"
"S0324",2.64,2.49971119733627,0.669306466704646,1.24653247126269,6.07928142008562,5.59525661860043,8.3,"Female","Senior"
"S0325",2.87,4.67125845093144,0.944807431339081,0.611587205611451,7.14847329199603,1.62727157581531,7.8,"Male","Freshman"
"S0326",2.39,1.50960645146807,1.79391612605785,0.730813495157328,6.74998263886723,5.09379018608018,7.7,"Male","Freshman"
"S0327",2.73,3.87456454267358,0.500565859371382,0.433415394336716,6.0582310458887,2.30480477329591,8.2,"Female","Freshman"
"S0328",3.26,2.53788782506389,0,1.45801722741143,8.21419901863892,3.85498825034493,4.3,"Female","Freshman"
"S0329",2.81,1.49775303363194,1.27501432224817,0.123699433349745,7.01856643300023,5.101512369892,4.6,"Female","Sophomore"
"S0330",3.09,2.41748362118018,1.19854415039776,1.37756569546298,7.75783169945755,4.29062921369487,7.1,"Male","Freshman"
"S0331",3.22,3.39612602441496,1.18951947810274,1.64387840973913,6.61993730000399,3.48648893194458,5.5,"Male","Freshman"
"S0332",2.72,1.98937751872648,1.73437445964648,0,7.17494871334722,3.6538191768526,5.6,"Female","Senior"
"S0333",2.56,1.57350131776785,1.18946583763827,0.123857484470461,8.03352330902476,7.10112838269313,5.4,"Male","Freshman"
"S0334",3.42,2.68331692809747,1.82083762438104,1.15492728830145,7.67572399543247,5.7986155061704,7.4,"Female","Sophomore"
"S0335",3.4,3.68631621421456,0,0.226214528296439,7.94128124291257,3.51665239926158,6.3,"Female","Freshman"
"S0336",2.75,2.41184999839339,0.297455604022559,0.385082068192164,5.17336992748605,2.986732973571,4.8,"Female","Junior"
"S0337",2.91,0.83556813572831,1.47903965726858,0.532788339589184,7.17720438129656,6.44667978761925,6.5,"Female","Senior"
"S0338",2.83,0.931988914749565,0.917681214322461,0.593309463004059,6.80819213805273,3.64387956036055,3.9,"Male","Freshman"
"S0339",2.37,1.57792560990647,1.9558196783341,1.22221891114767,6.34980128999017,4.14446850898687,9.9,"Male","Sophomore"
"S0340",2.28,1.86747024955065,0.396224117978829,0.438196541123444,6.43930365874,5.59502992745199,5,"Female","Junior"
"S0341",3.05,NA,1.77912218599748,0.853610247448809,8.67576579329994,2.51879324363934,8,"Female","Sophomore"
"S0342",3.3,3.30459768519554,0.664933807207708,1.24249678233194,7.43053460043924,2.80323186412891,5.8,"Male","Junior"
"S0343",2.48,1.97845955371311,0.30956784502736,0,6.85539337964275,2.88863026516672,6.6,"Male","Senior"
"S0344",2.4,1.16334426002458,0.925755848506444,0.386220624410715,7.9390257121441,3.77412508177589,4.5,"Female","Senior"
"S0345",2.61,3.2285271938542,1.23982345853499,1.31587607612566,6.45450325047671,0,7.3,"Female","Sophomore"
"S0346",2.61,2.83054836248751,0.217854430779571,0.574088155594537,7.13885036321565,2.830925701462,6.6,"Male","Sophomore"
"S0347",3.41,3.88881648329768,0.588795271338042,0,8.44686231335255,4.63151290384079,7.5,"Female","Freshman"
"S0348",2.66,0.481022968626093,0.203054350705695,0.285314462829675,6.66737191384946,3.99889205650717,4.7,"Female","Freshman"
"S0349",2.51,2.60478290667385,2.01341918220782,1.2896158441557,6.20084372773679,4.06102425085182,5.8,"Female","Junior"
"S0350",2.65,4.1240342727312,1.77889009924709,0.544046654464535,6.45170725486759,0.961015339798471,6.3,"Male","Freshman"
"S0351",1.86,3.36900856082004,0.373978290315909,0.557217895974992,5.94920379548058,3.84643464652751,7.1,"Male","Freshman"
"S0352",2.33,1.50093660908295,1.64587680329821,0.712538465442517,7.25266249103333,3.31640025139297,6.8,"Female","Senior"
"S0353",3.23,3.3790341841221,0.995534861520382,1.23167982084042,7.3278618539953,3.53254099716652,6.2,"Female","Freshman"
"S0354",2.28,1.45368775600334,0.309286594282664,0.505345548668404,7.8556724004905,4.92846441910045,5.2,"Female","Freshman"
"S0355",2.97,1.95592298652425,1.53695795169184,1.0855750630511,8.80176227162749,5.81693463607144,5.2,"Female","Freshman"
"S0356",3.91,3.92504113435489,0.9416397505229,1.1438922008316,8.40524081174873,3.09675060471195,5.5,"Female","Sophomore"
"S0357",1.71,2.1518256258519,1.90414392095322,0.188684253370611,5.74920820586433,2.54404595333188,10,"Female","Sophomore"
"S0358",3.2,3.49425537395852,1.04410911457928,0.76287665933818,8.99910885447275,3.10361465640077,5.7,"Male","Junior"
"S0359",2.24,2.150526749465,2.15044398568302,0.477016939037329,7.13927848759215,4.73898550424264,8.5,"Male","Senior"
"S0360",2.67,0.608365114302513,0.792188390585637,1.05017283566646,6.61333089656028,3.31026047012787,9.1,"Female","Junior"
"S0361",2.95,1.48142116366129,1.37563840869864,0,8.85563569044348,2.83186996623856,3.7,"Male","Sophomore"
"S0362",2.85,1.19377616565137,1.49623553709165,1.72350195666048,7.42885538447628,3.41611783478762,6,"Female","Sophomore"
"S0363",2.93,1.91885131465939,1.42328671498449,1.6076108531576,8.73079013958977,5.66632032453395,5.5,"Male","Senior"
"S0364",2.78,2.09642654918851,1.36155394985066,0.294286533499085,6.95647632586068,2.02695771630889,8.1,"Male","Senior"
"S0365",2.85,2.31597053120603,1.18960276605492,0.398075463315405,6.26891419186249,3.00276580160487,6.6,"Male","Junior"
"S0366",2.24,2.20810332571018,1.12730799513801,0.254907531112327,5.03403592377937,1.81071525090887,8,"Female","Sophomore"
"S0367",3.53,4.77064244992013,2.29202509225507,0.718075614921383,8.12686531518852,7.08199080927951,7.6,"Male","Junior"
"S0368",2.95,0.836801995257497,1.92650445510653,0.49937722202525,6.11191561156589,2.7431005759468,7.6,"Male","Sophomore"
"S0369",2.79,2.00221083915066,0.712089462878475,0.86758306808984,7.87135926039199,4.94968653676939,4.8,"Female","Senior"
"S0370",2.59,2.9188978337282,2.31714977697556,0,7.11989356661634,3.56066709055063,10,"Female","Senior"
"S0371",2.65,4.45413071897849,1.31583869864676,0.895128028674989,7.4724349448034,3.21942034716198,5.6,"Non-binary","Freshman"
"S0372",3.12,2.60622627485634,0.687514582723758,0.809337602758403,8.26663990982006,2.92142555955402,5.1,"Male","Sophomore"
"S0373",2.21,3.98698085008068,1.33584180764683,0,NA,2.21420553266415,7.9,"Female","Freshman"
"S0374",2.26,0.526533357095552,1.07425001006332,0.965583853501974,6.53846641381566,5.64652216172061,6.7,"Female","Sophomore"
"S0375",2.59,4.23562783045418,1.28075167563688,0.832971583922545,6.76824166272123,4.50148904700525,5.9,"Male","Freshman"
"S0376",2.57,1.67132779400178,0.421284676681376,0.661655987181645,8.06035377243819,3.5498091327907,5,"Male","Junior"
"S0377",2.88,2.16828269745538,0.544139779797441,0.792070225637665,6.52521429549873,1.74813864084892,4.6,"Female","Freshman"
"S0378",2.71,1.16869748812068,2.29033517522034,1.0309695176134,6.82448971904229,2.72173749510617,8.2,"Female","Junior"
"S0379",3.41,2.66064317971534,1.96909674442502,1.00803423020075,7.79632449908915,5.02494989322256,5.6,"Female","Junior"
"S0380",3.29,4.64240686207786,0.493020420479108,0.541032343652824,7.77874531585307,1.90877864305149,4.9,"Non-binary","Senior"
"S0381",3.43,5.40659602630191,0.479926307650943,1.49010682359722,7.79680256624609,2.58500748397113,6.5,"Female","Sophomore"
"S0382",2.51,1.20780531745791,2.57866650623746,0.778080684267273,7.04905157283634,4.75307709051246,5.6,"Male","Freshman"
"S0383",2.73,3.08312933248372,2.72723372970315,0.718519146958062,7.76261293483482,4.11018627374252,7.6,"Male","Junior"
"S0384",3.17,4.16622608649315,0.578287043315789,1.36677082738671,7.2859930696364,2.53990692166854,5.8,"Female","Freshman"
"S0385",2.96,2.26521181925855,0.158155789909514,1.39522481700204,6.36718496184717,6.1441841921506,5.4,"Female","Freshman"
"S0386",3.71,2.23819024275255,3.29879613345494,0.37959814701866,8.8043844808011,1.59477290377346,5,"Male","Freshman"
"S0387",3.12,2.13426645454427,1.38370313147745,0.205364796899244,5.13698902698575,5.76508392304404,4.8,"Female","Freshman"
"S0388",2.83,3.21739926893373,1.34939991371351,0.376629168404709,7.84552838121306,4.80267650750797,7.7,"Female","Freshman"
"S0389",3.34,4.17691529297891,1.26090930796022,0.09453446400307,7.34166768289461,0.143886322629683,9,"Female","Freshman"
"S0390",2.55,3.32514371348796,2.32388814905707,0,7.02277760614347,4.01226413198028,9.1,"Male","Freshman"
"S0391",2.25,2.88422561715636,1.04662221173095,0.986364513103035,6.38860001155336,4.78164019267848,6.9,"Female","Senior"
"S0392",2.92,2.13775608906729,2.36751373132487,0.712933783430341,6.73947322752525,2.23331095353156,7.6,"Female","Senior"
"S0393",3.27,3.09801842266954,1.02347563909237,1.18552985221547,8.80567031464304,3.48293397882565,6,"Non-binary","Sophomore"
"S0394",3.41,1.84055569849989,1.60411670901851,0.799004382619217,6.90300073299635,0.902371296088836,6.3,"Female","Junior"
"S0395",2.76,2.16489219563531,0.373202395141697,1.04549777724641,6.61551330021494,2.04789271697952,6.7,"Male","Freshman"
"S0396",2.24,3.81581613173408,1.33637877716738,0.502365111613912,6.12163785749499,3.71882675587622,8.6,"Male","Junior"
"S0397",2.79,3.03041570581457,2.16053452871354,0.223935224659301,6.50442147806308,3.93390073045116,8.9,"Female","Freshman"
"S0398",2.29,2.78921955283133,1.06927526818741,1.26687933474226,6.91570754642555,3.38214205567197,8,"Male","Junior"
"S0399",2.31,2.19327081357338,2.22598069049811,1.2566723697967,5.642277932945,2.26091147451514,7.5,"Male","Junior"
"S0400",2.77,3.61723948178186,3.38175711032901,0,8.14269781676707,4.4501058168419,8.2,"Female","Freshman"
"S0401",2.84,NA,1.95353937386474,1.32637679109605,7.09782703744719,5.6240072953307,7.4,"Male","Freshman"
"S0402",2.45,1.45687388334947,1.00110877017635,0,8.46502102859676,2.53866266909251,3.7,"Female","Junior"
"S0403",3.38,2.56658434559812,1.27718308776519,0.772587605413308,7.99043585272429,3.59041097320163,5,"Male","Freshman"
"S0404",3.17,2.5588802958303,0.852855246958609,0.563076647609516,8.41438675072227,2.650277936669,5.2,"Male","Junior"
"S0405",2.15,1.80597312596692,2.94293429396125,0.723166240147389,5.66410223068666,3.37056194499688,8.7,"Male","Junior"
"S0406",2.39,1.30151361280479,0,1.45774263913197,7.57958363839326,3.75720893867421,6.5,"Female","Senior"
"S0407",2.26,2.49708066399208,1.26471059135929,0.0468692836280574,6.63817878570135,3.33657509653818,7.8,"Female","Senior"
"S0408",3.18,3.28661425937556,1.28811024369378,0.640709783222063,6.95314755034821,2.93240004834229,5.4,"Male","Sophomore"
"S0409",3.43,4.27221073477186,1.37075866105012,2.33198149402415,NA,2.74603624465061,8.3,"Male","Senior"
"S0410",2.39,0.209016654064944,0,0,7.21510449322283,3.55447068377858,3.8,"Male","Sophomore"
"S0411",2.98,1.65707263202511,1.37296923700621,0.424047459061566,7.09363148547904,3.17884606822917,7.5,"Female","Sophomore"
"S0412",2.51,2.1262837383857,1.35013105362115,0.775368786595166,4.88016558486865,2.62888219396916,6.7,"Female","Junior"
"S0413",2.72,0.504211563199149,2.20689770017088,0.919971931899463,7.8524430888247,4.10377963143286,4.7,"Female","Junior"
"S0414",3.02,1.59935986984925,1.61881422472717,0.480016639683574,7.15437457231326,4.14596505692871,6.6,"Female","Freshman"
"S0415",2.29,1.56717788898219,2.09236342198397,0.640380609389594,6.02813835979458,3.77237910006885,6.5,"Female","Junior"
"S0416",2.68,1.63291636016848,0.433998206263624,1.4504886884712,5.89857216407686,1.73827212604684,7.7,"Female","Sophomore"
"S0417",2.57,0,1.10047553611565,0.691552712224974,6.3097551117029,4.14395151886575,4.9,"Female","Sophomore"
"S0418",2.47,2.75610226034386,1.35339026323997,0.95093319162694,5.41636507778875,4.18130588353751,8.3,"Male","Freshman"
"S0419",2.73,1.7416924764942,1.41777380048268,1.02172534109294,7.13776606651384,3.04699404982019,7.6,"Male","Freshman"
"S0420",3.46,4.3245894325986,0.644948429061396,1.04422055563386,8.50234395496283,4.38581131538489,5.4,"Female","Freshman"
"S0421",3.26,3.4551471392981,2.38333753668171,1.09550301154747,7.19288158714827,5.52296997196334,8.1,"Male","Junior"
"S0422",2.97,0.755764521840641,0.710586382685783,0.832779547431385,7.52715473452383,4.02448394111141,4.7,"Female","Junior"
"S0423",2.58,2.61807450520701,0,0.374795554302854,5.51679370879762,4.72417019729503,5.3,"Male","Senior"
"S0424",2.8,1.78747481892022,1.52199208847254,0.765037548533871,5.46079927669059,5.55211753409639,4.7,"Female","Senior"
"S0425",3.32,3.56593740236142,1.73164435783159,0.221946906657497,6.10356711308568,6.15421909412695,6.7,"Male","Freshman"
"S0426",2.68,2.5636844985984,1.95530165679595,0.856035977963524,7.72106997974822,2.73083229898414,7.2,"Male","Senior"
"S0427",3.16,1.83157164898641,0.442991361833369,0.591259319924535,6.11549805531346,2.84746477666066,6.5,"Female","Freshman"
"S0428",2.6,3.02607644340726,1.00136924060888,0.728999337112671,7.55859852570855,2.97372993323347,5,"Female","Junior"
"S0429",2.44,2.6831297903709,0.137250825168738,0.140545425695049,6.78126249515371,5.26172254056099,5.9,"Male","Junior"
"S0430",2.98,2.30245890190052,1.87581099367913,0.630154152546661,7.3836234823866,4.43074873725235,3.9,"Female","Senior"
"S0431",2.32,4.92386874577117,1.47815738595092,0.146159196292634,5.96087988975316,5.03244672441178,9.1,"Male","Sophomore"
"S0432",2.72,1.86473693641929,1.93101006914489,0.556600673540083,6.05100775142917,3.98227488693977,6.4,"Female","Senior"
"S0433",2.01,1.93505563241915,1.68661964270455,1.11614435575866,6.89583904601655,3.03846229828306,6.7,"Female","Senior"
"S0434",2.36,0.644875691178972,0.71396160975641,0.944251989065298,6.79128889727609,1.17015745937026,6.3,"Male","Junior"
"S0435",2.5,2.45136793204579,1.34372645669748,1.33901747434962,5.21126980474783,0.7725575349405,6.7,"Female","Freshman"
"S0436",3.19,3.56842756656481,0,1.09278087616129,7.5370844210865,6.71795390607286,7.5,"Female","Sophomore"
"S0437",1.78,0.0143345788849434,1.60235700615128,0.867194819118523,5.05030392990716,3.50633813192443,7.7,"Male","Junior"
"S0438",3.11,2.19992185591238,1.9751193227828,1.39898800828173,6.58476553844678,4.39315505051012,7.8,"Male","Sophomore"
"S0439",2.28,1.08201948801602,0.499410299381338,1.51503008525205,7.05512967059302,4.61118989696129,6.6,"Male","Senior"
"S0440",2.73,4.23032471802029,0,0,6.29800028091123,5.8141139788613,7.8,"Male","Senior"
"S0441",2.63,NA,0,1.33528864198806,5.59616096742602,4.51354998937524,7.7,"Female","Junior"
"S0442",3.11,2.90140341680878,0.309505433691143,1.26677538220448,6.60117606910748,3.5421925391368,9.2,"Male","Freshman"
"S0443",2.61,4.21520569648027,2.19278711642872,1.36514870980817,6.8895782004352,4.68860082584728,7.1,"Female","Sophomore"
"S0444",2.64,1.45921857894558,1.20278554805039,0.254718372619339,6.0759215487266,4.05568542740372,8.7,"Female","Junior"
"S0445",3.47,3.64078206996626,0.209764331205547,2.24535850668573,5.64275699958424,2.49415211854511,5.4,"Female","Sophomore"
"S0446",2.34,1.79798618964012,1.64455929511842,0,5.80539551724871,5.03358708207828,6.8,"Female","Junior"
"S0447",2.45,2.88514902703075,0,0.804117822508456,6.47151222071221,3.76310616023001,5.6,"Female","Senior"
"S0448",3.05,2.14072478000211,1.0023804343222,0.870864001357002,6.54737311327905,3.44447055845915,5.5,"Female","Senior"
"S0449",2.62,2.16574830004832,2.09028554206916,0.710181604153946,8.41948519316134,2.0268098954009,6.4,"Female","Senior"
"S0450",2.38,3.15533818999544,0.926661410392731,1.2487239727179,5.71431885548428,5.33688823941953,8.1,"Male","Sophomore"
"S0451",2.43,0.935414615626154,2.24435067371285,0.874420884139298,7.38114893936198,2.87619182395258,5.6,"Male","Junior"
"S0452",2.3,2.19890264194905,2.63625909715263,0.33316715167241,6.58253139890223,3.34117877875618,8.2,"Female","Freshman"
"S0453",3.5,2.70520884846149,0.265731818021242,1.64601998329533,7.09286142078774,3.45525430021246,6.7,"Male","Freshman"
"S0454",2.91,2.01583902550299,0.278169900014386,0.623652915062085,6.33641546422378,3.40881778420701,6.3,"Female","Junior"
"S0455",3.12,2.62559132900287,0.468435624523481,1.16640718700322,7.80282738950756,4.38905442679751,4.7,"Male","Junior"
"S0456",2.33,2.11734305591919,1.6229824260269,0.400093952082043,5.29691735460545,4.94307814238963,6.5,"Male","Senior"
"S0457",3.48,4.44201272306011,1.86806314163887,0.1640702730377,7.15390707256484,4.35859694117446,6.5,"Male","Senior"
"S0458",2.63,3.35702632178634,2.16730957927322,0.436496780502611,7.02607549992136,1.14610217877626,8.1,"Male","Junior"
"S0459",3.42,6.05903844379989,2.23957803628865,0.165895147487526,8.05586337908511,0,9.9,"Male","Senior"
"S0460",3.09,1.54590687452895,2.06058584336791,1.11986388360498,6.7755328856495,2.91597219555274,6.3,"Female","Sophomore"
"S0461",2.54,3.4772390976159,1.95184081881144,0,7.49659638937304,3.20997042458533,8.9,"Female","Sophomore"
"S0462",3.34,5.01763697215645,1.33069975472541,0.212906320814853,7.39963395463683,3.2614992917427,6,"Female","Senior"
"S0463",2.73,2.86117606618308,0.489489153087687,0.816331013095987,6.35308724931451,1.27165648982495,5.9,"Male","Freshman"
"S0464",2.51,1.20030982979292,0.61907121379492,0,6.91623723521247,2.41302520899476,5.8,"Female","Sophomore"
"S0465",2.74,1.29241299783606,1.52607760449099,0.497067184104375,6.86637879999048,0.589411250217655,6,"Female","Sophomore"
"S0466",2.59,2.45750252209887,2.54682907140143,0.617046391449457,8.11960385547419,7.72237154957143,7.1,"Male","Sophomore"
"S0467",3.33,4.0709492330241,2.56478385885169,1.60764694125599,7.2392209725826,4.37457324514919,8.9,"Female","Freshman"
"S0468",3.19,3.40048058397606,0,0.645477985521982,7.29060221585785,3.49015369771295,7.1,"Male","Freshman"
"S0469",3.09,0,0.532801587817228,0.486027619605,9.34360141841864,0.475776851426728,4.9,"Male","Junior"
"S0470",3.09,1.65957506936004,2.33530601306655,0.402069320616421,7.4162981123864,3.07314660613572,5.1,"Male","Sophomore"
"S0471",3.36,2.48913222964842,0.348712227984609,1.0683326238156,7.36248107786928,4.81268961631571,5.1,"Male","Freshman"
"S0472",2.69,0.750239815306278,0,0.608329410844395,7.53168262547612,4.74510966407937,4.5,"Male","Senior"
"S0473",3.24,3.33343557579384,1.67984887095794,0.47373269003785,8.54804223833981,4.2265472376361,7.1,"Male","Senior"
"S0474",2.34,0,2.58637176430964,0.632195934506893,7.96148830060577,5.75608347688269,4.4,"Female","Sophomore"
"S0475",3.02,2.67194771684855,2.74760364996619,1.43913956022016,7.33843617860646,0.602297431845629,6.7,"Male","Junior"
"S0476",2.95,2.03053345704753,1.62625646053663,1.74069724948737,6.38904699573089,1.73607721426082,7.9,"Male","Junior"
"S0477",2.54,1.91060309726311,1.77573260481583,0.414132752624878,7.3570520504102,3.46933140589299,7.7,"Female","Senior"
"S0478",2.6,2.15962305705754,1.64807470860415,0.812313049106413,NA,3.73888595148807,7.1,"Female","Freshman"
"S0479",2.68,2.87775376564941,1.18553045467203,0.605489324974709,5.16370865622135,2.6481090075761,9.8,"Female","Freshman"
"S0480",3.46,2.97559189352679,0,1.91443761330522,5.45896895360616,5.41655380192568,3.9,"Male","Junior"
"S0481",2.23,NA,1.8085625958078,1.15445839704144,5.20561713558213,0.231846769768482,8.3,"Male","Freshman"
"S0482",2.51,0.190059483591329,0.887018518205432,0,8.41451490845874,1.87710261629875,4.7,"Female","Senior"
"S0483",2.65,0.772924842013625,2.00792097904948,0.539534780254811,7.61833789176098,6.0662691542131,5.1,"Male","Senior"
"S0484",2.33,0.736410671233118,0.698421482341,0,4.64954461280072,4.92776005465124,6.4,"Male","Sophomore"
"S0485",2.69,3.41423613627032,0,0.744220856929075,7.46703158609411,1.07167110137926,6,"Female","Junior"
"S0486",2.36,2.20766202175446,2.19619412162439,1.22237867199783,7.06383193814351,4.81764524184343,8.6,"Female","Senior"
"S0487",2.37,NA,1.34510195724432,0.26330622724594,6.74373955817973,4.0848995968136,7.2,"Female","Senior"
"S0488",2.32,0.629286974853021,3.99624341118848,0.0304959247552289,6.25547796174663,1.37052533070417,9.2,"Female","Senior"
"S0489",3.09,NA,1.93247353066153,1.55347050449029,5.73097472345577,4.07532184714832,6.6,"Female","Freshman"
"S0490",2.93,3.17494236780819,2.03880521394099,0.221222012246974,7.86262800793079,4.92879137598191,6.3,"Male","Junior"
"S0491",2.74,2.2860086518961,1.81105994954788,1.34467032863845,6.42306532810298,1.9078416065611,7.3,"Male","Freshman"
"S0492",3.55,2.36183681655682,0.71729009851248,0.928444168201504,6.86773265170997,4.33147507613726,6.5,"Female","Junior"
"S0493",2.78,2.41352623347236,0.903656269837779,1.32861387364938,7.58682810058799,1.52282648274674,6.6,"Female","Junior"
"S0494",3.13,3.95309176831156,2.04786075066692,1.40152699896966,7.5350002769976,4.34756299891532,7.1,"Female","Sophomore"
"S0495",2.58,1.76212371904036,2.04408842387151,1.48394630274065,6.60659006303275,1.9271332464705,8.1,"Male","Junior"
"S0496",2.61,3.31135174997764,1.66637772889626,1.54162151138466,6.45939058279064,2.8988072251932,7.8,"Female","Sophomore"
"S0497",3.47,3.57831952664506,0.410746051568369,0.977240906085605,7.25945091523458,1.83322338480017,4.6,"Female","Junior"
"S0498",2.15,1.07281851577478,2.54769744939518,0.903056614163275,5.82172123899114,4.61626777188827,8.2,"Male","Freshman"
"S0499",3.33,2.64551061978281,0.106527163453896,0.226766430382737,7.30613847854867,3.26888191452902,3.6,"Male","Freshman"
"S0500",2.68,2.48653397664351,0.853428521111109,0.0737545273659596,7.17348122912035,4.29766943542287,5.5,"Female","Freshman"
